{"cameraMode":{"drawMode":0,"name":"Shaded","section":"Shading Mode"},"sceneLighting":true,"audioPlay":false,"sceneViewState":{"showFog":true,"showMaterialUpdate":false,"showSkybox":false,"showFlares":true,"showImageEffects":true,"showParticleSystems":true},"in2DMode":false,"pivot":{"x":257.8471374511719,"y":299.04638671875,"z":358.7877197265625},"rotation":{"x":0.02533312328159809,"y":0.9121612310409546,"z":-0.05634337663650513,"w":0.405328631401062},"size":63.45185089111328,"orthographic":false}