{"cameraMode":{"drawMode":0,"name":"Shaded","section":"Shading Mode"},"sceneLighting":false,"audioPlay":false,"sceneViewState":{"showFog":true,"showMaterialUpdate":false,"showSkybox":false,"showFlares":true,"showImageEffects":true,"showParticleSystems":true},"in2DMode":false,"pivot":{"x":109.96102905273438,"y":153.59603881835938,"z":102.16485595703125},"rotation":{"x":0.02533312328159809,"y":0.9121612310409546,"z":-0.05634337663650513,"w":0.405328631401062},"size":63.228981018066409,"orthographic":false}