{"cameraMode":{"drawMode":0,"name":"Shaded","section":"Shading Mode"},"sceneLighting":false,"audioPlay":false,"sceneViewState":{"showFog":true,"showMaterialUpdate":false,"showSkybox":false,"showFlares":true,"showImageEffects":true,"showParticleSystems":true},"in2DMode":false,"pivot":{"x":78.28473663330078,"y":102.02054595947266,"z":147.9974822998047},"rotation":{"x":0.10773449391126633,"y":0.8883189558982849,"z":-0.26625901460647585,"w":0.3585170805454254},"size":3.51811146736145,"orthographic":false}