{"cameraMode":{"drawMode":0,"name":"Shaded","section":"Shading Mode"},"sceneLighting":true,"audioPlay":false,"sceneViewState":{"showFog":true,"showMaterialUpdate":false,"showSkybox":true,"showFlares":true,"showImageEffects":true,"showParticleSystems":true},"in2DMode":false,"pivot":{"x":289.0599670410156,"y":314.9380798339844,"z":131.8542938232422},"rotation":{"x":-0.36070674657821658,"y":0.1826990395784378,"z":-0.07284726947546005,"w":-0.9117894768714905},"size":49.09267807006836,"orthographic":false}