{"cameraMode":{"drawMode":0,"name":"Shaded","section":"Shading Mode"},"sceneLighting":true,"audioPlay":false,"sceneViewState":{"showFog":true,"showMaterialUpdate":false,"showSkybox":true,"showFlares":true,"showImageEffects":true,"showParticleSystems":true},"in2DMode":false,"pivot":{"x":266.6656188964844,"y":321.02813720703127,"z":328.67047119140627},"rotation":{"x":0.027036074548959733,"y":-0.1282864511013031,"z":0.0038638641126453878,"w":0.9914409518241882},"size":3.324744701385498,"orthographic":false}