{"cameraMode":{"drawMode":0,"name":"Shaded","section":"Shading Mode"},"sceneLighting":false,"audioPlay":false,"sceneViewState":{"showFog":true,"showMaterialUpdate":false,"showSkybox":false,"showFlares":true,"showImageEffects":true,"showParticleSystems":true},"in2DMode":false,"pivot":{"x":114.21662139892578,"y":100.22628784179688,"z":96.04796600341797},"rotation":{"x":0.032099027186632159,"y":0.8995091319084168,"z":-0.06639786064624787,"w":0.43080341815948489},"size":16.359886169433595,"orthographic":false}