{"cameraMode":{"drawMode":0,"name":"Shaded","section":"Shading Mode"},"sceneLighting":false,"audioPlay":false,"sceneViewState":{"showFog":true,"showMaterialUpdate":false,"showSkybox":false,"showFlares":true,"showImageEffects":true,"showParticleSystems":true},"in2DMode":false,"pivot":{"x":104.43199157714844,"y":113.7665023803711,"z":88.99163818359375},"rotation":{"x":0.032731831073760989,"y":0.9103909730911255,"z":-0.07270405441522598,"w":0.4061732590198517},"size":26.833507537841798,"orthographic":false}