{"cameraMode":{"drawMode":0,"name":"Shaded","section":"Shading Mode"},"sceneLighting":true,"audioPlay":false,"sceneViewState":{"showFog":true,"showMaterialUpdate":false,"showSkybox":false,"showFlares":true,"showImageEffects":true,"showParticleSystems":true},"in2DMode":false,"pivot":{"x":285.7205505371094,"y":245.6187744140625,"z":288.2153625488281},"rotation":{"x":0.05371547117829323,"y":0.9426313042640686,"z":-0.27336838841438296,"w":0.184318408370018},"size":63.45185089111328,"orthographic":false}