{"cameraMode":{"drawMode":0,"name":"Shaded","section":"Shading Mode"},"sceneLighting":false,"audioPlay":false,"sceneViewState":{"showFog":true,"showMaterialUpdate":false,"showSkybox":false,"showFlares":true,"showImageEffects":true,"showParticleSystems":true},"in2DMode":false,"pivot":{"x":-1.427185297012329,"y":-0.08765694499015808,"z":0.5345642566680908},"rotation":{"x":0.10673839598894119,"y":0.8465883731842041,"z":-0.18453575670719148,"w":0.48785004019737246},"size":2.0265023708343508,"orthographic":false}