{"cameraMode":{"drawMode":0,"name":"Shaded","section":"Shading Mode"},"sceneLighting":false,"audioPlay":false,"sceneViewState":{"showFog":true,"showMaterialUpdate":false,"showSkybox":false,"showFlares":true,"showImageEffects":true,"showParticleSystems":true},"in2DMode":false,"pivot":{"x":94.23162841796875,"y":102.5403823852539,"z":85.96647644042969},"rotation":{"x":0.032731831073760989,"y":0.9103909730911255,"z":-0.07270405441522598,"w":0.4061732590198517},"size":4.182818412780762,"orthographic":false}