{"cameraMode":{"drawMode":0,"name":"Shaded","section":"Shading Mode"},"sceneLighting":true,"audioPlay":false,"sceneViewState":{"showFog":true,"showMaterialUpdate":false,"showSkybox":true,"showFlares":true,"showImageEffects":true,"showParticleSystems":true},"in2DMode":false,"pivot":{"x":93.49281311035156,"y":181.6868133544922,"z":36.50929260253906},"rotation":{"x":-0.007184603251516819,"y":-0.04916878044605255,"z":-0.00029178502154536545,"w":0.9987928867340088},"size":10.0,"orthographic":false}