{"cameraMode":{"drawMode":0,"name":"Shaded","section":"Shading Mode"},"sceneLighting":true,"audioPlay":false,"sceneViewState":{"showFog":true,"showMaterialUpdate":false,"showSkybox":true,"showFlares":true,"showImageEffects":true,"showParticleSystems":true},"in2DMode":false,"pivot":{"x":54.13407897949219,"y":103.72996520996094,"z":92.13105773925781},"rotation":{"x":-0.1062154695391655,"y":-0.7221666574478149,"z":0.11380987614393234,"w":-0.6739735007286072},"size":10.0,"orthographic":false}