{"cameraMode":{"drawMode":0,"name":"Shaded","section":"Shading Mode"},"sceneLighting":true,"audioPlay":false,"sceneViewState":{"showFog":true,"showMaterialUpdate":false,"showSkybox":true,"showFlares":true,"showImageEffects":true,"showParticleSystems":true},"in2DMode":false,"pivot":{"x":57.234310150146487,"y":133.8958282470703,"z":55.518985748291019},"rotation":{"x":-0.1954667866230011,"y":-0.10753832012414932,"z":0.023266665637493135,"w":-0.974577784538269},"size":1.4186216592788697,"orthographic":false}