{"cameraMode":{"drawMode":0,"name":"Shaded","section":"Shading Mode"},"sceneLighting":true,"audioPlay":false,"sceneViewState":{"showFog":true,"showMaterialUpdate":false,"showSkybox":false,"showFlares":true,"showImageEffects":true,"showParticleSystems":true},"in2DMode":false,"pivot":{"x":285.56170654296877,"y":286.17279052734377,"z":346.6842956542969},"rotation":{"x":0.14179237186908723,"y":0.8245058655738831,"z":-0.23644259572029115,"w":0.4941945970058441},"size":60.06540298461914,"orthographic":false}