{"cameraMode":{"drawMode":0,"name":"Shaded","section":"Shading Mode"},"sceneLighting":true,"audioPlay":false,"sceneViewState":{"showFog":true,"showMaterialUpdate":false,"showSkybox":false,"showFlares":true,"showImageEffects":true,"showParticleSystems":true},"in2DMode":false,"pivot":{"x":255.923095703125,"y":282.7536315917969,"z":359.0291748046875},"rotation":{"x":-0.15669521689414979,"y":0.1539846807718277,"z":-0.02474913001060486,"w":-0.975265383720398},"size":31.98100471496582,"orthographic":false}