{"cameraMode":{"drawMode":0,"name":"Shaded","section":"Shading Mode"},"sceneLighting":true,"audioPlay":false,"sceneViewState":{"showFog":true,"showMaterialUpdate":false,"showSkybox":false,"showFlares":true,"showImageEffects":true,"showParticleSystems":true},"in2DMode":false,"pivot":{"x":279.9229431152344,"y":310.91680908203127,"z":342.7008361816406},"rotation":{"x":0.11237715929746628,"y":0.8304040431976318,"z":-0.18114027380943299,"w":0.5148200392723084},"size":60.06540298461914,"orthographic":false}