{"cameraMode":{"drawMode":0,"name":"Shaded","section":"Shading Mode"},"sceneLighting":true,"audioPlay":false,"sceneViewState":{"showFog":true,"showMaterialUpdate":false,"showSkybox":true,"showFlares":true,"showImageEffects":true,"showParticleSystems":true},"in2DMode":false,"pivot":{"x":66.61849212646485,"y":102.69988250732422,"z":64.48184967041016},"rotation":{"x":0.0003536738804541528,"y":0.9838608503341675,"z":-0.001774798845872283,"w":0.1790200173854828},"size":10.0,"orthographic":false}