{"cameraMode":{"drawMode":0,"name":"Shaded","section":"Shading Mode"},"sceneLighting":false,"audioPlay":false,"sceneViewState":{"showFog":true,"showMaterialUpdate":false,"showSkybox":false,"showFlares":true,"showImageEffects":true,"showParticleSystems":true},"in2DMode":false,"pivot":{"x":-0.2630887031555176,"y":2.11899995803833,"z":2.811196804046631},"rotation":{"x":-0.0692819356918335,"y":-0.5864963531494141,"z":0.05045071616768837,"w":-0.8054044246673584},"size":1.2247449159622193,"orthographic":false}