{"cameraMode":{"drawMode":0,"name":"Shaded","section":"Shading Mode"},"sceneLighting":true,"audioPlay":false,"sceneViewState":{"showFog":true,"showMaterialUpdate":false,"showSkybox":true,"showFlares":true,"showImageEffects":true,"showParticleSystems":true},"in2DMode":false,"pivot":{"x":76.98220825195313,"y":105.38194274902344,"z":83.60905456542969},"rotation":{"x":0.02872452326118946,"y":-0.7812321186065674,"z":-0.03615543618798256,"w":-0.6226153373718262},"size":12.72912883758545,"orthographic":false}