{"cameraMode":{"drawMode":0,"name":"Shaded","section":"Shading Mode"},"sceneLighting":true,"audioPlay":false,"sceneViewState":{"showFog":true,"showMaterialUpdate":false,"showSkybox":true,"showFlares":true,"showImageEffects":true,"showParticleSystems":true},"in2DMode":false,"pivot":{"x":47.953025817871097,"y":108.43668365478516,"z":87.52263641357422},"rotation":{"x":-0.23196440935134889,"y":-0.04203365370631218,"z":0.010014613159000874,"w":-0.9717997312545776},"size":2.4452550411224367,"orthographic":false}