{"cameraMode":{"drawMode":0,"name":"Shaded","section":"Shading Mode"},"sceneLighting":true,"audioPlay":false,"sceneViewState":{"showFog":true,"showMaterialUpdate":false,"showSkybox":true,"showFlares":true,"showImageEffects":true,"showParticleSystems":true},"in2DMode":false,"pivot":{"x":51.967567443847659,"y":108.89505767822266,"z":92.90162658691406},"rotation":{"x":-0.08785072714090347,"y":-0.7190452814102173,"z":0.09236020594835282,"w":-0.683250367641449},"size":1.2247449159622193,"orthographic":false}