{"cameraMode":{"drawMode":0,"name":"Shaded","section":"Shading Mode"},"sceneLighting":false,"audioPlay":false,"sceneViewState":{"showFog":true,"showMaterialUpdate":false,"showSkybox":false,"showFlares":true,"showImageEffects":true,"showParticleSystems":true},"in2DMode":false,"pivot":{"x":-6.708043098449707,"y":0.0,"z":10.521027565002442},"rotation":{"x":-0.0322796031832695,"y":-0.9007439017295837,"z":0.06796252727508545,"w":-0.42779257893562319},"size":13.853148460388184,"orthographic":false}