{"cameraMode":{"drawMode":0,"name":"Shaded","section":"Shading Mode"},"sceneLighting":true,"audioPlay":false,"sceneViewState":{"showFog":true,"showMaterialUpdate":false,"showSkybox":true,"showFlares":true,"showImageEffects":true,"showParticleSystems":true},"in2DMode":false,"pivot":{"x":227.79466247558595,"y":279.3048400878906,"z":0.17022907733917237},"rotation":{"x":0.09259029477834702,"y":-0.6316998600959778,"z":0.0763668343424797,"w":0.7658692598342896},"size":10.0,"orthographic":false}