{"cameraMode":{"drawMode":0,"name":"Shaded","section":"Shading Mode"},"sceneLighting":true,"audioPlay":false,"sceneViewState":{"showFog":true,"showMaterialUpdate":false,"showSkybox":true,"showFlares":true,"showImageEffects":true,"showParticleSystems":true},"in2DMode":false,"pivot":{"x":74.72522735595703,"y":104.1451187133789,"z":84.8670654296875},"rotation":{"x":0.1437636911869049,"y":0.025227636098861696,"z":-0.0036644786596298219,"w":0.9892950057983398},"size":10.0,"orthographic":false}