{"cameraMode":{"drawMode":0,"name":"Shaded","section":"Shading Mode"},"sceneLighting":false,"audioPlay":false,"sceneViewState":{"showFog":true,"showMaterialUpdate":false,"showSkybox":false,"showFlares":true,"showImageEffects":true,"showParticleSystems":true},"in2DMode":false,"pivot":{"x":-0.2630887031555176,"y":2.11899995803833,"z":2.811196804046631},"rotation":{"x":0.29704272747039797,"y":-0.32223567366600039,"z":0.10725107789039612,"w":0.8924369215965271},"size":1.2247449159622193,"orthographic":false}