{"cameraMode":{"drawMode":0,"name":"Shaded","section":"Shading Mode"},"sceneLighting":false,"audioPlay":false,"sceneViewState":{"showFog":true,"showMaterialUpdate":false,"showSkybox":false,"showFlares":true,"showImageEffects":true,"showParticleSystems":true},"in2DMode":false,"pivot":{"x":-0.2630887031555176,"y":2.11899995803833,"z":2.811196804046631},"rotation":{"x":-0.15765659511089326,"y":-0.7028301954269409,"z":0.164420947432518,"w":-0.673907458782196},"size":1.2247449159622193,"orthographic":false}